gene,clade_founder_aa,mutant_aa,aa_site,delta_fitness
S,A,A,344,-0.74904
S,A,A,348,0.17278
S,A,A,352,0.089567
S,A,A,372,0.145
S,A,A,376,0.26581
S,A,A,397,0.145
S,A,A,411,0.95972
S,A,A,419,-0.17338
S,A,A,435,-0.23541
S,A,A,475,0.72682
S,A,A,484,0.38059
S,A,A,520,-0.22586
S,A,A,522,-0.017793
S,A,D,344,-1.1106
S,A,D,352,-0.69075
S,A,D,376,-2.5411
S,A,D,411,-3.1475
S,A,D,419,-4.2461
S,A,D,435,-3.1475
S,A,D,475,-1.8482
S,A,E,348,-0.8788
S,A,E,372,-2.0489
S,A,E,397,-4.2461
S,A,E,520,-1.3017
S,A,E,522,-0.69075
S,A,G,344,-0.98484
S,A,G,348,-1.5726
S,A,G,352,-0.61711
S,A,G,372,-1.2362
S,A,G,376,-1.4987
S,A,G,397,-3.1821
S,A,G,411,-1.5726
S,A,G,419,-3.1821
S,A,G,435,-3.1821
S,A,G,475,-3.1821
S,A,G,484,-0.020666
S,A,G,520,-1.2362
S,A,G,522,-1.5726
S,A,P,344,-1.3238
S,A,P,348,0.19255
S,A,P,352,-3.521
S,A,P,372,-0.4765
S,A,P,376,-1.7644
S,A,P,397,-3.521
S,A,P,411,-3.521
S,A,P,419,-3.521
S,A,P,435,-3.521
S,A,P,475,-1.5751
S,A,P,484,1.8516
S,A,P,520,-0.68781
S,A,P,522,2.3734
S,A,S,344,-0.095706
S,A,S,348,0.069183
S,A,S,352,-0.95479
S,A,S,372,-3.3041
S,A,S,376,-0.8467
S,A,S,397,-3.2207
S,A,S,411,-0.45565
S,A,S,419,-0.60186
S,A,S,435,-1.1769
S,A,S,475,-0.85234
S,A,S,484,0.42758
S,A,S,520,0.47911
S,A,S,522,0.27094
S,A,T,344,-0.44534
S,A,T,348,-1.2139
S,A,T,352,-2.5882
S,A,T,372,-2.1362
S,A,T,397,-3.6868
S,A,T,411,-1.4896
S,A,T,419,-2.1987
S,A,T,435,-2.0218
S,A,T,475,-1.1901
S,A,T,484,0.044357
S,A,T,520,-2.0218
S,A,T,522,-1.3152
S,A,V,344,-2.1593
S,A,V,348,-2.6479
S,A,V,352,-1.1243
S,A,V,372,-1.3072
S,A,V,376,-3.5379
S,A,V,397,-2.4275
S,A,V,411,-2.1426
S,A,V,419,-3.2748
S,A,V,435,-4.5405
S,A,V,475,-0.8225
S,A,V,484,0.74888
S,A,V,520,-1.9344
S,A,V,522,0.35937
S,C,*,336,-4.2461
S,C,*,361,-1.3065
S,C,*,379,-3.2524
S,C,*,391,-4.2461
S,C,*,432,-4.2461
S,C,*,480,-2.1538
S,C,*,488,-3.2524
S,C,C,336,-0.77088
S,C,C,361,0.19637
S,C,C,379,-0.27784
S,C,C,391,-1.3144
S,C,C,432,1.0723
S,C,C,480,-0.47601
S,C,C,488,0.093339
S,C,F,336,-4.8301
S,C,F,361,-4.8301
S,C,F,379,-6.4396
S,C,F,391,-6.4396
S,C,F,432,-5.341
S,C,F,480,-6.4396
S,C,F,488,-4.8301
S,C,G,336,-2.8227
S,C,G,361,-2.8227
S,C,G,379,-2.8227
S,C,G,391,-2.8227
S,C,G,432,-2.8227
S,C,G,480,-2.8227
S,C,G,488,-2.8227
S,C,R,336,-4.7665
S,C,R,361,-3.157
S,C,R,379,-4.7665
S,C,R,391,-4.7665
S,C,R,432,-3.6679
S,C,R,480,-4.7665
S,C,R,488,-3.6679
S,C,S,336,-2.4625
S,C,S,361,-2.9733
S,C,S,379,-4.072
S,C,S,391,-2.4625
S,C,S,432,-4.072
S,C,S,480,-2.126
S,C,S,488,-2.9733
S,C,W,336,-3.1821
S,C,W,361,-1.7241
S,C,W,379,-2.8227
S,C,W,391,-2.0835
S,C,W,432,-3.1821
S,C,W,480,-2.8227
S,C,W,488,-2.8227
S,C,Y,336,-4.0233
S,C,Y,361,-4.5341
S,C,Y,379,-5.6327
S,C,Y,391,-4.5341
S,C,Y,432,-3.6868
S,C,Y,480,-4.5341
S,C,Y,488,-4.5341
S,D,A,339,1.3665
S,D,A,364,-1.7558
S,D,A,389,-0.45651
S,D,A,398,-2.8544
S,D,A,405,-0.2328
S,D,A,420,0.6421
S,D,A,427,0.57958
S,D,A,428,-0.14636
S,D,A,442,-2.8544
S,D,A,467,-2.8544
S,D,D,339,0.88756
S,D,D,364,-0.23387
S,D,D,389,1.3799
S,D,D,398,0.061841
S,D,D,405,0.93623
S,D,D,420,-0.27784
S,D,D,427,0.168
S,D,D,428,0.90685
S,D,D,442,0.66725
S,D,D,467,1.0886
S,D,E,339,-0.3733
S,D,E,364,-2.6313
S,D,E,389,0.076775
S,D,E,398,-3.7299
S,D,E,405,-0.7126
S,D,E,420,-1.784
S,D,E,427,-1.1649
S,D,E,428,-0.17454
S,D,E,442,-2.1204
S,D,E,467,-2.6313
S,D,G,364,-3.2681
S,D,G,389,-0.36665
S,D,G,398,-4.8775
S,D,G,405,-0.079523
S,D,G,420,-1.5817
S,D,G,427,-0.28239
S,D,G,428,0.085339
S,D,G,442,-4.8775
S,D,G,467,-4.8775
S,D,H,339,0.62165
S,D,H,364,-2.4224
S,D,H,389,-1.5751
S,D,H,398,-3.521
S,D,H,405,-0.41962
S,D,H,420,-1.9116
S,D,H,427,1.4277
S,D,H,428,-0.57658
S,D,H,442,-2.4224
S,D,H,467,-3.521
S,D,N,339,-1.2906
S,D,N,364,-2.9247
S,D,N,389,-2.1362
S,D,N,398,-5.6327
S,D,N,405,-0.33048
S,D,N,420,-0.37004
S,D,N,427,-1.2889
S,D,N,428,-5.6327
S,D,N,442,-4.5341
S,D,N,467,-5.6327
S,D,V,339,0.19479
S,D,V,364,-3.6265
S,D,V,389,-2.0171
S,D,V,398,-3.6265
S,D,V,405,-0.96948
S,D,V,420,-1.6806
S,D,V,427,0.41651
S,D,V,428,-0.58202
S,D,V,442,-1.0616
S,D,V,467,-2.0171
S,D,Y,339,-1.018
S,D,Y,364,-4.4937
S,D,Y,389,-3.7315
S,D,Y,398,-6.4396
S,D,Y,405,-0.92993
S,D,Y,420,-3.1437
S,D,Y,427,-0.66815
S,D,Y,428,-2.2055
S,D,Y,442,-3.8746
S,D,Y,467,-6.4396
S,E,*,340,-6.4396
S,E,*,406,-6.4396
S,E,*,465,-6.4396
S,E,*,471,-6.4396
S,E,*,484,-5.0273
S,E,*,516,-5.341
S,E,A,340,2.1495
S,E,A,406,-0.9085
S,E,A,465,-0.65718
S,E,A,471,0.36447
S,E,A,484,2.8544
S,E,A,516,-0.65718
S,E,D,340,1.8728
S,E,D,406,0.019336
S,E,D,465,-1.8559
S,E,D,471,0.055054
S,E,D,484,1.6905
S,E,D,516,-2.3786
S,E,E,340,-0.43485
S,E,E,406,-0.58705
S,E,E,465,-1.5219
S,E,E,471,-0.73437
S,E,E,484,-0.25184
S,E,E,516,-0.70312
S,E,G,340,-1.1639
S,E,G,406,-3.7789
S,E,G,465,-1.1163
S,E,G,471,-1.0708
S,E,G,484,0.61402
S,E,G,516,-1.9331
S,E,K,340,0.36621
S,E,K,406,-5.6327
S,E,K,465,-4.5341
S,E,K,471,-3.0678
S,E,K,484,1.6839
S,E,K,516,-2.3369
S,E,Q,340,1.4418
S,E,Q,406,1.5849
S,E,Q,465,-3.521
S,E,Q,471,2.2566
S,E,Q,484,3.7959
S,E,Q,516,2.3623
S,E,V,340,0.57815
S,E,V,406,-2.5279
S,E,V,465,-3.6265
S,E,V,471,-0.13003
S,E,V,484,1.7682
S,E,V,516,-1.0616
S,F,C,338,-2.8227
S,F,C,342,-2.8227
S,F,C,347,-2.8227
S,F,C,371,-1.2479
S,F,C,374,-2.8227
S,F,C,375,-1.7756
S,F,C,377,-2.8227
S,F,C,392,-2.8227
S,F,C,400,-1.7241
S,F,C,429,-2.8227
S,F,C,456,-2.8227
S,F,C,464,-2.8227
S,F,C,486,-2.7179
S,F,C,490,-2.8227
S,F,C,497,-1.7241
S,F,C,515,-2.8227
S,F,F,338,-0.19176
S,F,F,342,0.89301
S,F,F,347,-0.62334
S,F,F,371,-0.25697
S,F,F,374,0.15351
S,F,F,375,-0.64736
S,F,F,377,0.40968
S,F,F,392,0.093339
S,F,F,400,-0.91633
S,F,F,429,0.1388
S,F,F,456,-0.30057
S,F,F,464,-0.42267
S,F,F,486,-0.046164
S,F,F,490,0.50653
S,F,F,497,-0.94443
S,F,F,515,-0.056943
S,F,I,338,-1.3065
S,F,I,342,-1.643
S,F,I,347,-3.2524
S,F,I,371,-1.6734
S,F,I,374,-0.85452
S,F,I,375,-2.4046
S,F,I,377,-3.2524
S,F,I,392,-3.2524
S,F,I,400,-3.2524
S,F,I,429,-1.643
S,F,I,456,-3.2524
S,F,I,464,-3.2524
S,F,I,486,-0.40804
S,F,I,490,0.30293
S,F,I,497,-3.2524
S,F,I,515,-3.2524
S,F,L,338,-0.33634
S,F,L,342,-1.0564
S,F,L,347,-2.8665
S,F,L,371,1.6155
S,F,L,374,-0.4486
S,F,L,375,-2.6189
S,F,L,377,-0.66928
S,F,L,392,-3.1178
S,F,L,400,-2.8665
S,F,L,429,-3.4543
S,F,L,456,-0.14374
S,F,L,464,-0.77326
S,F,L,486,-0.82636
S,F,L,490,1.3215
S,F,L,497,-5.3444
S,F,L,515,-1.5084
S,F,S,338,-2.5692
S,F,S,342,-3.157
S,F,S,347,-3.157
S,F,S,374,-1.631
S,F,S,377,-3.6679
S,F,S,392,-1.9333
S,F,S,400,-4.7665
S,F,S,429,-3.157
S,F,S,456,-3.157
S,F,S,464,-1.3992
S,F,S,486,-0.10868
S,F,S,490,1.8169
S,F,S,497,-4.7665
S,F,S,515,-1.631
S,F,V,338,-1.7241
S,F,V,342,-1.2132
S,F,V,347,-1.2132
S,F,V,371,-1.2479
S,F,V,374,-1.2132
S,F,V,375,-1.7756
S,F,V,377,-2.8227
S,F,V,392,-1.7241
S,F,V,400,-2.8227
S,F,V,429,-2.8227
S,F,V,456,-1.2132
S,F,V,464,-2.8227
S,F,V,486,1.3596
S,F,V,490,1.8313
S,F,V,497,-2.8227
S,F,V,515,-2.8227
S,F,Y,338,-2.1538
S,F,Y,342,-3.2524
S,F,Y,347,-1.643
S,F,Y,371,0.72454
S,F,Y,374,-1.643
S,F,Y,375,0.16036
S,F,Y,377,-3.2524
S,F,Y,392,-1.3065
S,F,Y,400,-3.2524
S,F,Y,429,-3.2524
S,F,Y,456,-1.643
S,F,Y,464,-1.643
S,F,Y,486,-1.5067
S,F,Y,490,0.46116
S,F,Y,497,-2.1538
S,F,Y,515,-2.1538
S,G,*,381,-6.4396
S,G,*,416,-4.8301
S,G,A,339,-3.0679
S,G,A,381,-3.521
S,G,A,404,-0.95607
S,G,A,413,-0.15372
S,G,A,416,-2.4224
S,G,A,431,-3.521
S,G,A,446,0.90767
S,G,A,447,-2.4224
S,G,A,476,0.19255
S,G,A,482,-1.9116
S,G,A,485,0.28564
S,G,A,496,-1.7733
S,G,A,502,-2.4224
S,G,A,504,-3.521
S,G,C,339,-2.015
S,G,C,404,-3.2207
S,G,C,431,-5.341
S,G,C,446,-6.3443
S,G,C,447,-4.0417
S,G,C,476,-4.8301
S,G,C,482,-5.341
S,G,C,485,-5.341
S,G,C,496,-3.9464
S,G,C,502,-4.8301
S,G,C,504,-6.4396
S,G,D,339,-0.076315
S,G,D,404,-5.6327
S,G,D,431,-5.6327
S,G,D,446,0.40489
S,G,D,447,-2.6883
S,G,D,476,-1.6254
S,G,D,482,-1.0788
S,G,D,485,-1.8261
S,G,D,496,-3.2587
S,G,D,502,-4.0233
S,G,D,504,-1.2383
S,G,E,381,-3.6868
S,G,E,413,-1.9692
S,G,E,416,-5.6327
S,G,G,339,0.095489
S,G,G,381,-0.040141
S,G,G,404,-1.1319
S,G,G,413,0.93637
S,G,G,416,-0.086392
S,G,G,431,-0.49146
S,G,G,446,-0.82525
S,G,G,447,-1.4528
S,G,G,476,-1.0207
S,G,G,482,-0.55286
S,G,G,485,-0.48901
S,G,G,496,-0.72517
S,G,G,502,-0.4686
S,G,G,504,-0.0074784
S,G,R,339,-3.0679
S,G,R,381,-1.6006
S,G,R,404,-0.57658
S,G,R,413,-1.3011
S,G,R,416,-4.6452
S,G,R,431,-3.521
S,G,R,446,0.11372
S,G,R,447,-3.521
S,G,R,476,-2.4224
S,G,R,482,0.24018
S,G,R,485,0.28564
S,G,R,496,-1.7733
S,G,R,502,-3.521
S,G,R,504,-3.521
S,G,S,339,-0.17785
S,G,S,404,-2.4139
S,G,S,431,-4.5341
S,G,S,446,1.3608
S,G,S,447,-1.9192
S,G,S,476,1.0729
S,G,S,482,-0.90534
S,G,S,485,-1.1001
S,G,S,496,0.37598
S,G,S,502,-3.2348
S,G,S,504,-1.1901
S,G,V,339,-2.3192
S,G,V,381,-4.8301
S,G,V,404,-3.6064
S,G,V,413,-1.8857
S,G,V,416,-4.8301
S,G,V,431,-6.4396
S,G,V,446,2.0069
S,G,V,447,-2.0701
S,G,V,476,-2.9431
S,G,V,482,-1.6113
S,G,V,485,-1.2748
S,G,V,496,-2.374
S,G,V,502,-5.341
S,G,V,504,-2.9431
S,G,W,413,-2.0958
S,H,D,505,-1.9666
S,H,D,519,-0.61711
S,H,H,505,-0.098415
S,H,H,519,0.6407
S,H,L,505,-2.5133
S,H,L,519,1.5382
S,H,N,505,-3.1581
S,H,N,519,-1.8482
S,H,P,505,-1.769
S,H,P,519,-0.14636
S,H,Q,505,-3.3902
S,H,Q,519,0.31316
S,H,R,505,-3.7349
S,H,R,519,-1.833
S,H,Y,519,-2.3037
S,I,F,332,-3.6265
S,I,F,358,-2.0171
S,I,F,402,-3.6265
S,I,F,410,-3.6265
S,I,F,418,-3.6265
S,I,F,468,-0.91849
S,I,F,472,-0.58202
S,I,I,332,-0.24881
S,I,I,358,-1.7507
S,I,I,402,-1.3474
S,I,I,410,1.0043
S,I,I,418,-0.40446
S,I,I,434,-1.423
S,I,I,468,-0.951
S,I,I,472,-0.30969
S,I,K,434,-3.2524
S,I,L,332,-0.9085
S,I,L,358,-0.45651
S,I,L,402,0.19012
S,I,L,410,-0.28946
S,I,L,418,-1.7558
S,I,L,434,-0.6207
S,I,L,468,-0.28946
S,I,L,472,0.6421
S,I,M,332,-1.7241
S,I,M,358,-3.1821
S,I,M,402,-2.8227
S,I,M,410,-3.1821
S,I,M,418,-2.8227
S,I,M,434,-1.742
S,I,M,468,-0.25772
S,I,M,472,-3.1821
S,I,N,332,-3.2524
S,I,N,358,-2.1538
S,I,N,402,-2.1538
S,I,N,410,-3.2524
S,I,N,418,-3.2524
S,I,N,468,-3.2524
S,I,N,472,-1.643
S,I,R,434,-2.8227
S,I,S,332,-2.8227
S,I,S,358,-2.8227
S,I,S,402,-1.7241
S,I,S,410,-1.2132
S,I,S,418,-2.8227
S,I,S,468,-1.7241
S,I,S,472,-1.7241
S,I,T,332,-1.722
S,I,T,358,-3.6679
S,I,T,402,-2.3686
S,I,T,410,-2.5692
S,I,T,418,-2.8206
S,I,T,434,-0.87465
S,I,T,468,-0.53237
S,I,T,472,-0.42267
S,I,V,332,-1.5102
S,I,V,358,-0.5337
S,I,V,402,-0.67281
S,I,V,410,-0.24278
S,I,V,418,-0.79997
S,I,V,434,0.70974
S,I,V,468,0.11293
S,I,V,472,-0.38887
S,K,*,356,-3.6265
S,K,*,378,-3.6265
S,K,*,386,-3.6265
S,K,*,417,-3.137
S,K,*,424,-3.6265
S,K,*,440,-1.8529
S,K,*,444,-2.5279
S,K,*,458,-2.5279
S,K,*,462,-3.6265
S,K,*,478,-3.3381
S,K,E,356,-1.3222
S,K,E,378,-3.2681
S,K,E,386,-4.8775
S,K,E,417,-0.86621
S,K,E,424,-4.8775
S,K,E,440,-3.0829
S,K,E,444,-1.1163
S,K,E,458,-1.833
S,K,E,462,-2.0443
S,K,E,478,-0.058551
S,K,I,386,-3.6265
S,K,I,424,-3.6265
S,K,I,462,-0.79333
S,K,I,478,0.5937
S,K,K,356,-0.60229
S,K,K,378,-1.6624
S,K,K,386,-0.4116
S,K,K,417,-1.1612
S,K,K,424,-0.6434
S,K,K,440,-3.8197
S,K,K,444,-0.083651
S,K,K,458,-0.66988
S,K,K,462,-0.87017
S,K,K,478,-0.82995
S,K,M,356,-0.25925
S,K,M,378,-1.0616
S,K,M,417,-0.73914
S,K,M,440,-1.8529
S,K,M,444,1.7625
S,K,M,458,-0.91849
S,K,N,356,-1.6785
S,K,N,378,-1.6624
S,K,N,386,-3.988
S,K,N,417,0.01444
S,K,N,424,-1.7908
S,K,N,440,-1.7644
S,K,N,444,0.8534
S,K,N,458,-1.4472
S,K,N,462,-2.3786
S,K,N,478,-0.41011
S,K,Q,356,0.57958
S,K,Q,378,-2.8544
S,K,Q,386,-2.8544
S,K,Q,417,-2.4288
S,K,Q,424,-2.8544
S,K,Q,440,-1.2019
S,K,Q,444,0.57958
S,K,Q,458,0.090033
S,K,Q,462,0.19012
S,K,Q,478,0.44017
S,K,R,356,0.78892
S,K,R,378,-1.3222
S,K,R,386,-2.9316
S,K,R,417,-0.35538
S,K,R,424,-2.3126
S,K,R,440,-0.68501
S,K,R,444,2.1247
S,K,R,458,-1.0274
S,K,R,462,-1.5817
S,K,R,478,0.88531
S,K,T,356,2.9657
S,K,T,378,-1.7558
S,K,T,386,-2.8544
S,K,T,417,1.6487
S,K,T,424,-2.8544
S,K,T,440,-1.2019
S,K,T,444,2.7101
S,K,T,458,0.090033
S,K,T,462,-0.9085
S,L,*,335,-3.2524
S,L,*,387,-3.7299
S,L,*,425,-3.7299
S,L,*,455,-3.2524
S,L,*,492,-3.7299
S,L,F,335,-1.349
S,L,F,387,-3.988
S,L,F,390,-2.0942
S,L,F,425,-2.8894
S,L,F,441,-2.1426
S,L,F,455,0.71496
S,L,F,461,-5.8398
S,L,F,492,-2.3786
S,L,F,513,-1.3437
S,L,F,517,-0.8539
S,L,H,371,-0.81001
S,L,H,390,-3.2524
S,L,H,441,-3.2524
S,L,H,461,-3.2524
S,L,H,513,-3.2524
S,L,H,517,-0.85452
S,L,I,368,1.1338
S,L,I,371,1.1926
S,L,I,387,-3.2524
S,L,I,390,-1.1106
S,L,I,425,-2.1538
S,L,I,441,-0.27581
S,L,I,461,-0.10297
S,L,I,492,-1.643
S,L,I,513,-1.2016
S,L,I,517,-0.10297
S,L,I,518,-0.81211
S,L,L,335,-0.60133
S,L,L,368,-1.022
S,L,L,371,0.24954
S,L,L,387,-0.70047
S,L,L,390,-2.1486
S,L,L,425,-0.4189
S,L,L,441,0.22958
S,L,L,452,-0.53089
S,L,L,455,-0.72896
S,L,L,461,-1.3574
S,L,L,492,0.096822
S,L,L,513,-0.12925
S,L,L,517,0.01768
S,L,L,518,0.37053
S,L,M,335,-1.643
S,L,M,452,2.6229
S,L,M,455,-3.2524
S,L,P,368,-2.5692
S,L,P,390,-4.7665
S,L,P,441,-1.4706
S,L,P,452,-3.9501
S,L,P,461,-4.7665
S,L,P,513,-2.3686
S,L,P,517,-2.2015
S,L,P,518,-1.1556
S,L,Q,368,-3.2524
S,L,Q,452,2.5625
S,L,Q,518,-0.033541
S,L,R,368,-2.8227
S,L,R,371,-0.13132
S,L,R,390,-2.8227
S,L,R,441,0.61132
S,L,R,452,4.69
S,L,R,461,-2.8227
S,L,R,513,-2.8227
S,L,R,517,-1.7241
S,L,R,518,-1.2132
S,L,S,335,-0.87465
S,L,S,387,-3.6679
S,L,S,425,-4.7665
S,L,S,455,1.295
S,L,S,492,-3.6679
S,L,V,335,0.31283
S,L,V,368,-3.1821
S,L,V,371,-1.3002
S,L,V,387,-2.8227
S,L,V,390,-2.0835
S,L,V,425,-0.62544
S,L,V,441,-1.5726
S,L,V,452,-2.4462
S,L,V,455,-0.62544
S,L,V,461,-1.5726
S,L,V,492,-2.8227
S,L,V,513,-0.61711
S,L,V,517,1.3718
S,L,V,518,0.31444
S,L,W,335,-2.8227
S,L,W,455,0.78825
S,N,D,331,-2.6803
S,N,D,334,-2.9316
S,N,D,343,-3.2681
S,N,D,354,0.57353
S,N,D,360,-2.3126
S,N,D,370,-1.9331
S,N,D,388,-3.7789
S,N,D,394,-1.3222
S,N,D,417,-3.0829
S,N,D,422,-4.8775
S,N,D,437,-4.8775
S,N,D,439,-3.2681
S,N,D,440,-1.2272
S,N,D,448,-0.6434
S,N,D,450,1.1362
S,N,D,460,-1.381
S,N,D,477,-0.021327
S,N,D,481,-0.58705
S,N,D,487,-1.5102
S,N,D,501,-4.2315
S,N,H,331,-1.7558
S,N,H,334,-2.8544
S,N,H,343,-2.8544
S,N,H,354,1.2231
S,N,H,360,-2.8544
S,N,H,370,-0.65718
S,N,H,388,-2.8544
S,N,H,394,-0.65718
S,N,H,405,0.40749
S,N,H,417,0.74397
S,N,H,422,-2.8544
S,N,H,437,-2.8544
S,N,H,439,-2.8544
S,N,H,440,-1.3302
S,N,H,448,-1.7558
S,N,H,450,-2.8544
S,N,H,460,0.75651
S,N,H,477,-0.67035
S,N,H,481,-0.9085
S,N,H,487,-1.7558
S,N,H,501,0.075625
S,N,I,331,-1.6806
S,N,I,334,-3.6265
S,N,I,343,-2.0171
S,N,I,354,-2.5279
S,N,I,360,-3.6265
S,N,I,370,-1.6806
S,N,I,388,-2.0171
S,N,I,394,-0.49105
S,N,I,405,-1.8529
S,N,I,417,1.5811
S,N,I,422,-3.6265
S,N,I,437,-1.6806
S,N,I,439,-2.0171
S,N,I,440,-0.57209
S,N,I,448,-1.6806
S,N,I,450,-0.79333
S,N,I,460,0.41651
S,N,I,477,-0.56735
S,N,I,481,-0.49105
S,N,I,487,-3.6265
S,N,I,501,1.1951
S,N,K,331,-2.1204
S,N,K,334,-0.26916
S,N,K,343,-2.9224
S,N,K,354,1.6188
S,N,K,360,-1.8238
S,N,K,370,0.076775
S,N,K,388,-2.6313
S,N,K,394,-3.7299
S,N,K,405,-2.0558
S,N,K,417,-1.6734
S,N,K,422,-3.7299
S,N,K,437,-3.7299
S,N,K,439,-0.020976
S,N,K,440,1.652
S,N,K,448,-1.1649
S,N,K,450,-0.066326
S,N,K,460,1.8423
S,N,K,477,0.81445
S,N,K,481,0.9975
S,N,K,487,-1.332
S,N,K,501,-2.9485
S,N,N,331,0.36343
S,N,N,334,-0.80067
S,N,N,343,0.73157
S,N,N,354,0.8225
S,N,N,360,-1.496
S,N,N,370,1.257
S,N,N,388,0.39831
S,N,N,394,0.77479
S,N,N,405,0.22227
S,N,N,417,0.93522
S,N,N,422,-0.59209
S,N,N,437,0.061841
S,N,N,439,-0.097849
S,N,N,440,0.56135
S,N,N,448,-0.68894
S,N,N,450,0.18229
S,N,N,460,0.75898
S,N,N,477,0.3169
S,N,N,481,0.32728
S,N,N,487,0.168
S,N,N,501,0.50546
S,N,S,331,-1.2666
S,N,S,334,-1.833
S,N,S,343,-3.7789
S,N,S,354,0.26416
S,N,S,360,-2.0443
S,N,S,370,-0.76663
S,N,S,388,-2.1695
S,N,S,394,-0.32363
S,N,S,405,-1.4735
S,N,S,417,-0.68501
S,N,S,422,-3.7789
S,N,S,437,-1.833
S,N,S,439,-2.9316
S,N,S,440,-0.60152
S,N,S,448,-0.049192
S,N,S,450,-2.3126
S,N,S,460,0.60729
S,N,S,481,-0.11533
S,N,S,487,-2.9316
S,N,S,501,0.34319
S,N,T,331,0.28109
S,N,T,334,-0.65718
S,N,T,343,-2.8544
S,N,T,354,0.28109
S,N,T,360,-1.7558
S,N,T,370,-0.9085
S,N,T,388,-2.8544
S,N,T,394,0.090033
S,N,T,405,-1.2019
S,N,T,417,3.3728
S,N,T,422,-2.8544
S,N,T,437,-2.8544
S,N,T,439,-2.8544
S,N,T,440,0.51565
S,N,T,448,0.80916
S,N,T,450,-1.245
S,N,T,460,0.99574
S,N,T,477,-1.769
S,N,T,481,-0.14636
S,N,T,487,-0.45651
S,N,T,501,2.1886
S,N,Y,331,-1.4293
S,N,Y,334,-0.49105
S,N,Y,343,-2.0171
S,N,Y,354,-0.79333
S,N,Y,360,-0.58202
S,N,Y,370,-1.2286
S,N,Y,388,-3.6265
S,N,Y,394,-2.0171
S,N,Y,405,-1.8529
S,N,Y,417,-0.7543
S,N,Y,422,-3.6265
S,N,Y,437,-3.6265
S,N,Y,439,-1.2286
S,N,Y,440,0.71311
S,N,Y,448,-1.6806
S,N,Y,450,-1.4293
S,N,Y,460,1.2333
S,N,Y,477,-2.5133
S,N,Y,481,-0.40767
S,N,Y,487,-3.6265
S,N,Y,501,3.0565
S,P,A,337,-3.1821
S,P,A,373,-1.9666
S,P,A,384,0.18523
S,P,A,412,-3.1821
S,P,A,426,-2.0835
S,P,A,463,0.82527
S,P,A,479,-2.0835
S,P,A,491,-3.1821
S,P,A,499,-3.1821
S,P,A,507,-1.2362
S,P,A,521,-0.98484
S,P,H,337,-0.23877
S,P,H,384,-1.0272
S,P,H,463,-2.3002
S,P,H,479,-0.13523
S,P,H,491,-3.1475
S,P,H,499,0.097706
S,P,L,337,-1.7399
S,P,L,373,-5.8121
S,P,L,384,-0.13267
S,P,L,412,-3.8939
S,P,L,426,-4.9925
S,P,L,463,-5.8398
S,P,L,479,-0.38874
S,P,L,491,-5.8398
S,P,L,499,-1.6654
S,P,L,507,-5.8398
S,P,L,521,-2.0331
S,P,P,337,0.01768
S,P,P,373,1.1691
S,P,P,384,-0.35419
S,P,P,412,1.1205
S,P,P,426,-0.45412
S,P,P,463,-0.10088
S,P,P,479,-0.3909
S,P,P,491,0.15663
S,P,P,499,-0.86894
S,P,P,507,0.26851
S,P,P,521,0.10672
S,P,Q,373,-3.1581
S,P,Q,412,-4.2461
S,P,Q,426,-4.2461
S,P,Q,507,-4.2461
S,P,Q,521,-0.27581
S,P,R,337,0.57914
S,P,R,373,-1.9666
S,P,R,384,-0.47401
S,P,R,412,-3.1821
S,P,R,426,-3.1821
S,P,R,463,1.1617
S,P,R,479,0.6246
S,P,R,491,-3.1821
S,P,R,499,0.99232
S,P,R,507,-3.1821
S,P,R,521,0.37329
S,P,S,337,-1.3072
S,P,S,384,-0.35499
S,P,S,412,-5.8398
S,P,S,426,-2.4957
S,P,S,463,-0.57709
S,P,S,479,-0.10214
S,P,S,491,-1.5493
S,P,S,499,-1.7736
S,P,S,507,-1.8324
S,P,S,521,-1.2859
S,P,T,337,0.38863
S,P,T,373,-3.1581
S,P,T,384,-1.6812
S,P,T,412,-4.2461
S,P,T,426,-2.6367
S,P,T,463,1.4341
S,P,T,479,-1.2016
S,P,T,491,-2.6367
S,P,T,499,-0.53253
S,P,T,507,-4.2461
S,P,T,521,-0.39595
S,Q,*,409,-6.9384
S,Q,*,452,-3.3684
S,Q,*,474,-5.329
S,Q,*,493,-6.5737
S,Q,*,498,-6.3887
S,Q,*,506,-6.9384
S,Q,E,409,-0.61711
S,Q,E,452,-0.185
S,Q,E,474,0.11377
S,Q,E,493,1.1126
S,Q,E,498,-2.8424
S,Q,E,506,-3.1821
S,Q,H,409,-1.5901
S,Q,H,452,-1.4898
S,Q,H,474,-0.79694
S,Q,H,493,0.90454
S,Q,H,498,-1.8985
S,Q,H,506,-2.0421
S,Q,K,409,-2.0489
S,Q,K,452,0.60417
S,Q,K,474,-1.0272
S,Q,K,493,0.51333
S,Q,K,498,-1.3075
S,Q,K,506,-2.0489
S,Q,L,409,-1.4293
S,Q,L,474,-2.5279
S,Q,L,493,1.5721
S,Q,L,498,-1.5276
S,Q,L,506,-2.0171
S,Q,P,409,-2.8544
S,Q,P,452,-0.26749
S,Q,P,474,-1.245
S,Q,P,493,0.16901
S,Q,P,498,-2.4288
S,Q,P,506,-2.8544
S,Q,Q,409,-0.98569
S,Q,Q,452,-2.1173
S,Q,Q,474,-0.20778
S,Q,Q,493,-0.48469
S,Q,Q,498,-0.99542
S,Q,Q,506,-0.90721
S,Q,R,409,-3.7789
S,Q,R,452,1.3059
S,Q,R,474,-1.0274
S,Q,R,493,0.65965
S,Q,R,498,-0.10004
S,Q,R,506,-3.2681
S,R,*,346,-3.6265
S,R,*,357,-3.6265
S,R,*,403,-3.6265
S,R,*,408,-2.2688
S,R,*,454,-3.6265
S,R,*,466,-3.6265
S,R,*,493,-5.7561
S,R,*,498,-5.8121
S,R,*,509,-3.6265
S,R,G,346,-0.017693
S,R,G,355,-3.2681
S,R,G,357,-2.9316
S,R,G,403,-2.6803
S,R,G,408,-0.87681
S,R,G,452,-2.5302
S,R,G,454,-4.8775
S,R,G,457,-3.2681
S,R,G,466,-4.8775
S,R,G,493,-0.33901
S,R,G,498,-1.9666
S,R,G,509,-4.8775
S,R,I,346,-0.19154
S,R,I,357,-2.3287
S,R,I,403,-2.4693
S,R,I,408,-0.3056
S,R,I,454,-4.2424
S,R,I,466,-2.1769
S,R,I,509,-5.341
S,R,K,346,1.4648
S,R,K,355,-4.0233
S,R,K,357,-0.22555
S,R,K,403,-1.2633
S,R,K,408,-1.3369
S,R,K,454,-4.5341
S,R,K,457,-3.2348
S,R,K,466,-3.2348
S,R,K,509,-4.0233
S,R,L,493,1.7746
S,R,L,498,-3.2153
S,R,M,355,-5.341
S,R,M,457,-3.8746
S,R,P,452,-2.8214
S,R,P,493,-2.2795
S,R,P,498,-2.3228
S,R,Q,452,0.72638
S,R,R,346,-0.046199
S,R,R,355,0.062933
S,R,R,357,-0.0045259
S,R,R,403,-0.79027
S,R,R,408,0.34298
S,R,R,452,-0.62843
S,R,R,454,0.16983
S,R,R,457,-0.68569
S,R,R,466,-0.26757
S,R,R,493,0.37086
S,R,R,498,-0.15565
S,R,R,509,-0.65115
S,R,S,346,1.8261
S,R,S,355,-3.4462
S,R,S,357,-1.423
S,R,S,403,-0.43265
S,R,S,408,1.1249
S,R,S,454,-3.988
S,R,S,457,-2.684
S,R,S,466,-1.5901
S,R,S,509,-2.8894
S,R,T,346,3.6514
S,R,T,355,-3.521
S,R,T,357,-0.95607
S,R,T,403,-0.4765
S,R,T,408,-0.11734
S,R,T,454,-3.521
S,R,T,457,-2.4224
S,R,T,466,-1.9116
S,R,T,509,-1.9116
S,R,W,355,-3.6265
S,R,W,452,-1.1364
S,R,W,457,-2.5279
S,S,*,373,-4.04
S,S,*,399,-4.5318
S,S,*,469,-3.4332
S,S,*,494,-3.4332
S,S,A,349,0.22185
S,S,A,366,-1.2132
S,S,A,371,0.7863
S,S,A,373,1.2061
S,S,A,375,0.86968
S,S,A,383,-1.7241
S,S,A,399,-1.7241
S,S,A,438,-0.87676
S,S,A,443,0.47317
S,S,A,459,-0.42477
S,S,A,469,-0.25772
S,S,A,494,0.84089
S,S,A,514,-0.25772
S,S,C,349,-3.1821
S,S,C,359,-1.6806
S,S,C,366,-3.1821
S,S,C,371,-2.8424
S,S,C,375,-2.8424
S,S,C,383,-3.1821
S,S,C,408,-2.2597
S,S,C,438,-3.1821
S,S,C,443,-1.5726
S,S,C,459,-3.1821
S,S,C,477,-3.137
S,S,C,496,-1.9412
S,S,C,514,-2.0835
S,S,F,349,-4.5405
S,S,F,366,-3.8939
S,S,F,371,-3.1699
S,S,F,375,-1.2588
S,S,F,383,-4.2303
S,S,F,438,-4.5405
S,S,F,443,-3.8029
S,S,F,459,-1.5585
S,S,F,514,-0.51353
S,S,G,359,-0.36665
S,S,G,408,-1.9102
S,S,G,477,0.93059
S,S,I,359,-2.776
S,S,I,408,-3.6259
S,S,I,477,0.75244
S,S,I,496,-1.8619
S,S,L,373,-0.61109
S,S,L,399,-5.329
S,S,L,469,-3.6426
S,S,L,494,0.061939
S,S,N,359,-0.83694
S,S,N,408,-1.5316
S,S,N,477,0.90019
S,S,N,496,1.0249
S,S,P,349,0.029317
S,S,P,366,-4.7665
S,S,P,371,-0.76684
S,S,P,373,0.88058
S,S,P,375,-0.53727
S,S,P,383,-4.7665
S,S,P,399,-4.7665
S,S,P,438,-3.6679
S,S,P,443,-4.7665
S,S,P,459,-1.722
S,S,P,469,-3.6679
S,S,P,494,2.8449
S,S,P,514,-4.7665
S,S,R,359,-0.88737
S,S,R,408,-2.169
S,S,R,477,0.83621
S,S,R,496,-2.4598
S,S,S,349,-0.23541
S,S,S,359,-1.8695
S,S,S,366,-0.020299
S,S,S,371,-0.16305
S,S,S,373,0.86397
S,S,S,375,0.20495
S,S,S,383,0.042221
S,S,S,399,0.22613
S,S,S,408,-5.6155
S,S,S,438,-0.17338
S,S,S,443,-0.17338
S,S,S,459,-0.15845
S,S,S,469,-0.22586
S,S,S,477,0.50997
S,S,S,494,0.42916
S,S,S,496,0.17848
S,S,S,514,0.32535
S,S,T,349,-3.2524
S,S,T,359,-2.4224
S,S,T,366,-1.3065
S,S,T,371,0.65799
S,S,T,373,-0.61498
S,S,T,375,-0.16299
S,S,T,383,-3.2524
S,S,T,399,-3.2524
S,S,T,408,-2.1923
S,S,T,438,-2.1538
S,S,T,443,-2.1538
S,S,T,459,-3.2524
S,S,T,469,-2.1538
S,S,T,477,0.78222
S,S,T,494,-0.033541
S,S,T,496,0.88483
S,S,T,514,-1.643
S,S,Y,349,-4.2461
S,S,Y,366,-1.6812
S,S,Y,371,-2.6068
S,S,Y,375,-0.66088
S,S,Y,383,-2.6367
S,S,Y,438,-4.2461
S,S,Y,443,-4.2461
S,S,Y,459,-1.4129
S,S,Y,514,-1.0272
S,T,A,333,-1.833
S,T,A,345,-3.7789
S,T,A,376,0.67231
S,T,A,385,-1.0708
S,T,A,393,-1.5817
S,T,A,415,-1.1163
S,T,A,430,-2.3126
S,T,A,470,-1.6586
S,T,A,478,-1.1335
S,T,A,500,-1.3222
S,T,A,523,0.1914
S,T,I,333,-2.1101
S,T,I,345,-4.5405
S,T,I,376,-0.47939
S,T,I,385,-1.3587
S,T,I,393,-2.8953
S,T,I,415,-3.5711
S,T,I,430,-0.30376
S,T,I,470,-0.61225
S,T,I,478,-0.61037
S,T,I,500,-4.5405
S,T,I,523,-2.3433
S,T,K,333,-0.4849
S,T,K,430,-4.2461
S,T,K,478,2.6581
S,T,N,345,-2.3002
S,T,N,376,-0.09143
S,T,N,385,-1.1106
S,T,N,393,-2.3002
S,T,N,415,0.24254
S,T,N,470,0.67388
S,T,N,500,-1.8482
S,T,N,523,-0.39595
S,T,P,333,-2.8544
S,T,P,345,-2.8544
S,T,P,376,-2.6307
S,T,P,385,-1.245
S,T,P,393,-1.7558
S,T,P,415,-0.45651
S,T,P,430,-1.245
S,T,P,470,-1.7558
S,T,P,478,-1.305
S,T,P,500,-1.7558
S,T,P,523,-2.8544
S,T,R,333,-2.0835
S,T,R,430,-3.1821
S,T,R,478,0.63694
S,T,S,333,-1.2286
S,T,S,345,-0.88672
S,T,S,376,0.1754
S,T,S,385,-1.5406
S,T,S,393,-1.7077
S,T,S,415,-0.60909
S,T,S,430,-2.5279
S,T,S,470,-1.1612
S,T,S,478,-1.9761
S,T,S,500,0.36031
S,T,S,523,-1.7077
S,T,T,333,-0.21234
S,T,T,345,-0.47415
S,T,T,376,0.27474
S,T,T,385,-0.429
S,T,T,393,0.10106
S,T,T,415,0.077939
S,T,T,430,-0.12254
S,T,T,470,-0.10088
S,T,T,478,-0.71452
S,T,T,500,-0.073292
S,T,T,523,-0.14374
S,V,A,341,-3.157
S,V,A,350,-1.9333
S,V,A,362,-3.157
S,V,A,382,-2.8206
S,V,A,395,-1.722
S,V,A,401,-3.157
S,V,A,407,-2.5692
S,V,A,433,-3.6679
S,V,A,445,1.7917
S,V,A,483,0.32728
S,V,A,486,1.4679
S,V,A,503,-0.91633
S,V,A,510,-2.8206
S,V,A,511,-4.7665
S,V,A,512,-2.3686
S,V,A,524,-2.8206
S,V,D,341,-2.1538
S,V,D,350,-3.2524
S,V,D,362,-2.1538
S,V,D,395,-1.3065
S,V,D,407,-3.2524
S,V,D,433,-3.2524
S,V,D,445,-1.0552
S,V,D,483,-3.2524
S,V,D,486,-0.38052
S,V,D,503,-1.643
S,V,D,524,-3.2524
S,V,E,382,-2.1538
S,V,E,401,-3.2524
S,V,E,510,-3.2524
S,V,E,511,-3.2524
S,V,E,512,-2.1538
S,V,F,341,-4.4937
S,V,F,350,-6.4396
S,V,F,362,-1.0235
S,V,F,395,-2.4323
S,V,F,407,-4.2424
S,V,F,433,-6.4396
S,V,F,445,-0.33703
S,V,F,483,0.53489
S,V,F,503,-0.94653
S,V,F,524,-4.4937
S,V,G,341,-0.87676
S,V,G,350,-2.8227
S,V,G,362,-1.7241
S,V,G,382,-2.8227
S,V,G,395,-2.8227
S,V,G,401,-1.7241
S,V,G,407,-2.8227
S,V,G,433,-1.7241
S,V,G,445,0.12177
S,V,G,483,0.010545
S,V,G,486,-0.20864
S,V,G,503,-0.25772
S,V,G,510,-1.7241
S,V,G,511,-2.8227
S,V,G,512,-2.8227
S,V,G,524,-0.62544
S,V,I,341,-0.64229
S,V,I,350,-2.1362
S,V,I,362,-1.6254
S,V,I,395,-2.5882
S,V,I,401,-1.3152
S,V,I,407,-1.5897
S,V,I,433,-0.26209
S,V,I,445,-0.47944
S,V,I,483,-0.78854
S,V,I,486,-1.8354
S,V,I,503,-0.94138
S,V,I,510,-2.2654
S,V,I,511,-2.0774
S,V,I,512,-1.8715
S,V,I,524,-2.9247
S,V,L,341,-1.5751
S,V,L,350,-3.521
S,V,L,362,-0.4765
S,V,L,382,-0.35727
S,V,L,395,-0.38553
S,V,L,401,-0.52197
S,V,L,407,-1.5751
S,V,L,433,-1.9116
S,V,L,445,-0.22518
S,V,L,483,1.2912
S,V,L,486,-0.35924
S,V,L,503,-1.3238
S,V,L,510,-2.3163
S,V,L,511,-2.5989
S,V,L,512,-4.8812
S,V,L,524,-3.521
S,V,M,382,-3.6868
S,V,V,341,0.066174
S,V,V,350,-1.2136
S,V,V,362,-0.15845
S,V,V,382,0.04751
S,V,V,395,0.35334
S,V,V,401,-0.47136
S,V,V,407,-1.2649
S,V,V,433,0.077939
S,V,V,445,-0.18853
S,V,V,483,0.089567
S,V,V,486,-0.20711
S,V,V,503,0.10106
S,V,V,510,-0.32594
S,V,V,511,-0.4889
S,V,V,512,-0.34109
S,V,V,524,-0.82962
S,W,*,353,-5.2255
S,W,*,436,-5.2255
S,W,C,353,-4.5448
S,W,C,436,-4.5448
S,W,G,353,-2.8227
S,W,G,436,-1.7241
S,W,L,353,-6.4396
S,W,L,436,-2.8287
S,W,R,353,-3.8597
S,W,R,436,-2.7611
S,W,S,353,-1.1231
S,W,S,436,-2.4224
S,Y,*,351,-3.7299
S,Y,*,365,-3.7299
S,Y,*,369,-3.7299
S,Y,*,380,-3.7299
S,Y,*,396,-3.7299
S,Y,*,421,-2.6313
S,Y,*,423,-3.7299
S,Y,*,449,-2.6313
S,Y,*,451,-4.5318
S,Y,*,453,-3.7299
S,Y,*,473,-3.7299
S,Y,*,489,-4.5318
S,Y,*,495,-2.6313
S,Y,*,501,-2.9614
S,Y,*,505,-4.04
S,Y,*,508,-3.4332
S,Y,C,351,-3.2681
S,Y,C,365,-2.6803
S,Y,C,369,-1.6586
S,Y,C,380,-3.7789
S,Y,C,396,-2.9316
S,Y,C,421,-2.6803
S,Y,C,423,-3.7789
S,Y,C,449,-4.8775
S,Y,C,451,-3.7789
S,Y,C,453,-2.6803
S,Y,C,473,-4.8775
S,Y,C,489,-4.8775
S,Y,C,495,-4.8775
S,Y,C,501,-3.9422
S,Y,C,505,-4.3627
S,Y,C,508,-3.2681
S,Y,D,351,-2.8227
S,Y,D,365,-1.7241
S,Y,D,369,-2.8227
S,Y,D,380,-2.8227
S,Y,D,396,-1.7241
S,Y,D,421,-2.8227
S,Y,D,423,-2.8227
S,Y,D,449,1.0275
S,Y,D,451,-2.8227
S,Y,D,453,-2.8227
S,Y,D,473,-2.8227
S,Y,D,489,-2.8227
S,Y,D,495,-2.8227
S,Y,D,501,-0.88797
S,Y,D,505,-2.3492
S,Y,D,508,-1.7241
S,Y,F,351,-0.79333
S,Y,F,365,-1.4293
S,Y,F,369,-1.4293
S,Y,F,380,0.03702
S,Y,F,396,-0.40767
S,Y,F,421,-1.0616
S,Y,F,423,-3.6265
S,Y,F,449,-2.0171
S,Y,F,451,-3.6265
S,Y,F,453,0.88432
S,Y,F,473,-0.015624
S,Y,F,489,-2.0171
S,Y,F,495,-2.5279
S,Y,F,501,-0.7689
S,Y,F,505,-1.1911
S,Y,F,508,-2.5279
S,Y,H,351,-1.822
S,Y,H,365,-3.6679
S,Y,H,369,-0.75914
S,Y,H,380,-2.8206
S,Y,H,396,-1.3992
S,Y,H,421,-2.0584
S,Y,H,423,-4.7665
S,Y,H,449,-0.075125
S,Y,H,451,-0.87465
S,Y,H,453,-1.3325
S,Y,H,473,-1.1556
S,Y,H,489,0.029317
S,Y,H,495,-1.722
S,Y,H,501,-1.4766
S,Y,H,505,-0.19349
S,Y,H,508,0.79805
S,Y,N,351,-2.1538
S,Y,N,365,-1.643
S,Y,N,369,-3.2524
S,Y,N,380,-3.2524
S,Y,N,396,-2.1538
S,Y,N,421,-2.1538
S,Y,N,423,-3.2524
S,Y,N,449,0.3585
S,Y,N,451,-3.2524
S,Y,N,453,-3.2524
S,Y,N,473,-2.1538
S,Y,N,489,-3.2524
S,Y,N,495,-3.2524
S,Y,N,505,-2.5609
S,Y,N,508,-1.643
S,Y,S,351,-2.8544
S,Y,S,365,-1.7558
S,Y,S,369,-1.245
S,Y,S,380,-2.8544
S,Y,S,396,-1.7558
S,Y,S,421,-2.8544
S,Y,S,423,-2.8544
S,Y,S,449,0.99574
S,Y,S,451,-2.8544
S,Y,S,453,-1.245
S,Y,S,473,-2.8544
S,Y,S,489,-1.7558
S,Y,S,495,-2.8544
S,Y,S,501,-1.9475
S,Y,S,505,-0.81936
S,Y,S,508,-2.8544
S,Y,Y,351,0.80568
S,Y,Y,365,0.64963
S,Y,Y,369,1.1279
S,Y,Y,380,0.37519
S,Y,Y,396,0.46464
S,Y,Y,421,0.52683
S,Y,Y,423,0.30243
S,Y,Y,449,0.093339
S,Y,Y,451,-1.4371
S,Y,Y,453,-0.17135
S,Y,Y,473,1.0886
S,Y,Y,489,0.91754
S,Y,Y,495,0.27695
S,Y,Y,501,0.63634
S,Y,Y,505,-1.0954
S,Y,Y,508,1.0914
